prereq,course
AASP101,AASP297
AASP202,AASP297
AASP202,AASP400
AASP100,AASP400
AASP202,AASP400H
AASP100,AASP400H
AASP202,AASP402
AASP100,AASP402
HIST255,AASP441
AASP202,AASP441
AASP100,AASP441
ABRM330,ABRM450
CHEM131,AGST275
CHEM132,AGST275
PLSC110,AGST275
PLSC112,AGST275
PLSC113,AGST275
BSCI160,AGST275
BSCI161,AGST275
BSCI170,AGST275
BSCI171,AGST275
CHEM271,AGST311
PLSC112,AGST400
PLSC113,AGST400
BSCI160,AGST400
BSCI161,AGST400
MATH113,AGST400
PLSC112,AGST401
PLSC113,AGST401
MATH113,AGST401
AGST400,AGST401
PLSC201,AGST431
PLSC206,AGST431
MATH240,AMSC420
MATH461,AMSC420
MATH341,AMSC420
MATH241,AMSC420
MATH340,AMSC420
MATH246,AMSC420
MATH341,AMSC420
STAT400,AMSC420
STAT410,AMSC420
CMSC106,AMSC420
CMSC131,AMSC420
MATH240,AMSC460
MATH341,AMSC460
MATH461,AMSC460
MATH241,AMSC460
MATH340,AMSC460
CMSC106,AMSC460
CMSC131,AMSC460
MATH246,AMSC460
MATH240,AMSC466
MATH341,AMSC466
MATH461,AMSC466
MATH241,AMSC466
MATH340,AMSC466
CMSC106,AMSC466
CMSC131,AMSC466
MATH410,AMSC466
AMSC660,AMSC663
CMSC660,AMSC663
AMSC661,AMSC663
CMSC661,AMSC663
MATH673,AMSC674
AMSC673,AMSC674
MATH410,AMSC764
AMST201,AMST450
AMST340,AMST450
AMST655,AMST856
ANTH655,AMST856
HIST610,AMST856
AMST856,AMST857
ANTH856,AMST857
HIST810,AMST857
ANSC101,ANSC103
ANSC101,ANSC115
ANSC103,ANSC115
ANSC204,ANSC210
ANSC205,ANSC210
ANSC211,ANSC212
ANSC204,ANSC212
ANSC205,ANSC212
ANSC212,ANSC214
ANSC232,ANSC237
ANSC101,ANSC245
ANSC103,ANSC245
ANSC101,ANSC247
ANSC103,ANSC247
ANSC101,ANSC282
ANSC103,ANSC282
ANSC314,ANSC315
ANSC101,ANSC327
CHEM131,ANSC327
ANSC103,ANSC327
ANSC232,ANSC330
BSCI223,ANSC340
ANSC220,ANSC340
ANSC232,ANSC340
ANSC242,ANSC340
ANSC250,ANSC340
ANSC255,ANSC340
ANSC260,ANSC340
ANSC262,ANSC340
ANSC220,ANSC359
ANSC232,ANSC359
ANSC242,ANSC359
ANSC250,ANSC359
ANSC255,ANSC359
ANSC260,ANSC359
ANSC262,ANSC359
ANSC212,ANSC435
BSCI223,ANSC440
ANSC212,ANSC440
ANSC327,ANSC440
BSCI222,ANSC440
BSCI421,ANSC440
NFSC430,ANSC440
ANSC212,ANSC445
ANSC212,ANSC452
ANSC101,ANSC453
ANSC103,ANSC453
BSCI106,ANSC453
BSCI160,ANSC453
BSCI161,ANSC453
ANTH210,ANTH310
ANTH260,ANTH360
ANTH240,ANTH447
ANTH476,ANTH477
ANTH486,ANTH487
ANTH789,ANTH712
AMST655,ANTH856
ANTH655,ANTH856
HIST610,ANTH856
AMST856,ANTH857
ANTH856,ANTH857
HIST810,ANTH857
MATH107,AOSC200
MATH110,AOSC200
MATH115,AOSC200
MATH140,AOSC247
MATH107,AOSC360
MATH113,AOSC360
MATH115,AOSC360
AOSC400,AOSC401
AOSC200,AOSC401
MATH141,AOSC401
PHYS161,AOSC401
PHYS171,AOSC401
PHYS171,AOSC424
PHYS161,AOSC424
MATH141,AOSC424
AOSC431,AOSC432
CHEM131,AOSC433
CHEM135,AOSC433
CHEM146,AOSC433
CHEM131,AOSC434
MATH241,AOSC434
MATH140,AOSC447
AOSC432,AOSC472
AOSC600,AOSC472
AOSC610,AOSC472
AOSC470,AOSC472
AOSC431,AOSC494
AOSC432,AOSC494
AOSC610,AOSC617
MATH462,AOSC621
CHEM131,AOSC633
CHEM135,AOSC633
CHEM146,AOSC633
MATH140,AOSC647
ARAB101,ARAB102
ARAB204,ARAB205
ARAB206,ARAB207
ARAB102,ARAB222
ARAB304,ARAB305
ARAB202,ARAB317
ARAB102,ARAB325
ARCH401,ARCH402
ARCH404,ARCH405
ARCH406,ARCH407
ARCH225,ARCH420
ARCH226,ARCH420
ARCH425,ARCH420
ARCH426,ARCH420
ARCH225,ARCH423
ARCH226,ARCH423
ARCH425,ARCH423
ARCH426,ARCH423
ARCH400,ARCH445
ARCH462,ARCH463
ARCH464,ARCH465
PHYS121,ARCH465
MATH120,ARCH465
MATH140,ARCH465
ARCH225,ARCH635
ARCH226,ARCH635
ARCH425,ARCH635
ARCH426,ARCH635
ARCH225,ARCH654
ARCH226,ARCH654
ARCH425,ARCH654
ARCH426,ARCH654
ARCH601,ARCH797
ECON200,AREC326
AREC250,AREC326
AREC240,AREC326
ECON201,AREC326
ECON200,AREC370
AREC250,AREC370
AREC240,AREC370
STAT100,AREC370
MATH107,AREC370
BMGT230,AREC370
ECON230,AREC370
STAT400,AREC370
ECON326,AREC405
AREC326,AREC405
AREC326,AREC422
ECON326,AREC422
ECON230,AREC422
ECON321,AREC422
BMGT230,AREC422
ECON326,AREC433
AREC326,AREC433
AREC326,AREC435
ECON326,AREC435
AREC326,AREC454
ECON306,AREC454
ECON326,AREC454
ECON230,AREC454
ECON321,AREC454
BMGT230,AREC454
AREC326,AREC456
ECON306,AREC456
ECON326,AREC456
ECON230,AREC456
ECON321,AREC456
BMGT230,AREC456
BMGT230,AREC466
ECON230,AREC466
ECON321,AREC466
ENCE302,AREC466
PLCY304,AREC466
AREC326,AREC481
ECON306,AREC481
ECON326,AREC481
ECON230,AREC481
ECON321,AREC481
BMGT230,AREC481
ECON603,AREC610
AREC620,AREC610
AREC623,AREC624
ECON603,AREC783
ECON604,AREC783
AREC623,AREC815
AREC624,AREC815
ECON603,AREC815
ECON604,AREC815
AREC624,AREC847
AREC623,AREC847
ECON603,AREC847
ENGL275,ARHU376
ARHU275,ARHU376
ARHU375,ARHU376
THET340,ARHU376
ARSC300,ARSC401
ARSC301,ARSC401
ARTT100,ARTT200
ARTT110,ARTT200
ARTT110,ARTT210
ARTT100,ARTT255
ARTT110,ARTT255
ARTT200,ARTT320
ARTT210,ARTT320
ARTT150,ARTT320
ARTT200,ARTT330
ARTT210,ARTT330
ARTT150,ARTT330
ARTT200,ARTT330H
ARTT210,ARTT330H
ARTT150,ARTT330H
ARTT200,ARTT331
ARTT210,ARTT331
ARTT150,ARTT331
ARTT200,ARTT333
ARTT210,ARTT333
ARTT150,ARTT333
ARTT200,ARTT333H
ARTT210,ARTT333H
ARTT150,ARTT333H
ARTT200,ARTT341
ARTT210,ARTT341
ARTT150,ARTT341
ARTT200,ARTT341H
ARTT210,ARTT341H
ARTT150,ARTT341H
ARTT200,ARTT343
ARTT210,ARTT343
ARTT150,ARTT343
ARTT200,ARTT353
ARTT210,ARTT353
ARTT150,ARTT353
ARTT355,ARTT357
ARTT356,ARTT357
ARTT355,ARTT361
ARTT356,ARTT361
ARTT150,ARTT370
ARTT200,ARTT370
ARTT210,ARTT370
ARTT255,ARTT370
ARTT150,ARTT418B
ARTT200,ARTT418B
ARTT210,ARTT418B
ARTT150,ARTT418H
ARTT200,ARTT418H
ARTT210,ARTT418H
ARTT320,ARTT427
ARTT320,ARTT428
ARTT320,ARTT428H
ARTT333,ARTT438D
ARTT355,ARTT455
ARTT356,ARTT455
ARTT357,ARTT455
ARTT370,ARTT479H
ASTR120,ASTR121
MATH140,ASTR121
MATH115,ASTR230
MATH113,ASTR230
ASTR100,ASTR300
ASTR101,ASTR300
ASTR121,ASTR320
PHYS270,ASTR320
PHYS271,ASTR320
PHYS273,ASTR320
ASTR100,ASTR330
ASTR101,ASTR330
ASTR100,ASTR340
ASTR101,ASTR340
ASTR320,ASTR406
ASTR121,ASTR435
PHYS273,ASTR435
PHYS270,ASTR435
PHYS271,ASTR435
CHEM271,BCHM461
CHEM272,BCHM461
CHEM276,BCHM461
CHEM277,BCHM461
BCHM461,BCHM462
CHEM271,BCHM463
CHEM272,BCHM463
CHEM276,BCHM463
CHEM277,BCHM463
BCHM461,BCHM464
BCHM463,BCHM464
BCHM461,BCHM465
BCHM463,BCHM465
CHEM271,BCHM477
CHEM276,BCHM477
CHEM277,BCHM477
CHEM272,BCHM477
CHEM481,BCHM485
CHEM481,BCHM675
BCHM461,BCHM675
BCHM461,BCHM676
BCHM463,BCHM676
MATH140,BIOE120
BIOE120,BIOE121
BIOE120,BIOE221
BIOE121,BIOE221
PHYS261,BIOE232
PHYS260,BIOE232
MATH246,BIOE331
BIOE120,BIOE331
BIOE121,BIOE331
BIOE241,BIOE331
BIOE371,BIOE331
BIOE232,BIOE331
BSCI330,BIOE340
BIOE120,BIOE340
BIOE121,BIOE340
BIOE241,BIOE340
MATH246,BIOE340
BIOE241,BIOE371
MATH246,BIOE371
BIOE120,BIOE372
BIOE121,BIOE372
BIOE241,BIOE372
BIOE120,BIOE386
BIOE121,BIOE386
BIOE241,BIOE386
MATH246,BIOE386
MATH246,BIOE404
BIOE120,BIOE404
ENES102,BIOE404
BIOE121,BIOE404
BIOE241,BIOE404
BIOE371,BIOE404
BIOE241,BIOE413
BIOE120,BIOE413
BIOE121,BIOE413
MATH246,BIOE413
BIOE340,BIOE413
BIOE120,BIOE414
BIOE121,BIOE414
BIOE241,BIOE414
MATH246,BIOE414
ENES102,BIOE414
BIOE120,BIOE437
BIOE121,BIOE437
BIOE241,BIOE437
MATH246,BIOE437
BIOE241,BIOE442
BIOE120,BIOE442
BIOE121,BIOE442
MATH241,BIOE442
BIOE221,BIOE447
CHEM231,BIOE453
MATH246,BIOE453
CHEM232,BIOE453
BIOE120,BIOE453
BIOE121,BIOE453
BIOE241,BIOE453
BIOE120,BIOE461
BIOE121,BIOE461
BIOE241,BIOE461
MATH246,BIOE461
BIOE120,BIOE462
BIOE121,BIOE462
BIOE241,BIOE462
MATH246,BIOE462
BSCI330,BIOE462
BIOE340,BIOE462
BIOE120,BIOE464
BIOE241,BIOE464
MATH246,BIOE464
BIOE232,BIOE464
BIOE372,BIOE464
BIOE485,BIOE486
BIOE120,BIOE488A
BIOE121,BIOE488A
BSCI330,BIOE488A
BIOE457,BIOE489J
BIOE120,BIOE489R
BIOE232,BIOE489R
MATH113,BIOM301
MATH115,BIOM301
BIOM601,BIOM602
BIOM405,BIOM602
PHYS603,BIPH703
CHEM687,BIPH703
BMGT220,BMGT221
MATH113,BMGT230
MATH115,BMGT230
MATH120,BMGT230
MATH113,BMGT230L
MATH115,BMGT230L
MATH120,BMGT230L
BMGT162,BMGT264
BMGT262,BMGT264
BMGT263,BMGT264
BMGT301,BMGT302
BMGT221,BMGT310
BMGT310,BMGT311
BMGT221,BMGT313
BMGT221,BMGT321
BMGT221,BMGT323
BMGT221,BMGT326
BMGT201,BMGT326
BMGT301,BMGT326
BMGT231,BMGT332
BMGT230,BMGT332
BMGT220,BMGT340
BMGT231,BMGT340
BMGT230,BMGT340
BMGT220,BMGT340N
BMGT231,BMGT340N
BMGT230,BMGT340N
BMGT340,BMGT341
BMGT340,BMGT341F
BMGT340,BMGT343
BMGT210,BMGT345
BMGT220,BMGT345
BMGT340,BMGT347
BMGT343,BMGT347
BMGT230,BMGT351
BMGT350,BMGT351
BMGT350,BMGT354
BMGT461,BMGT365
BMGT361,BMGT365
BMGT461,BMGT366
BMGT361,BMGT366
ENES190,BMGT390H
BMGT190,BMGT390H
ECON200,BMGT392
BMGT302,BMGT400
BMGT301,BMGT403
BMGT302,BMGT404
BMGT402,BMGT407
BMGT403,BMGT407
BMGT301,BMGT408V
BMGT311,BMGT411
BMGT221,BMGT417
BMGT310,BMGT422
BMGT311,BMGT422
BMGT220,BMGT423
BMGT210,BMGT423
BMGT231,BMGT430
BMGT230,BMGT430
BMGT430,BMGT431
BMGT332,BMGT434
BMGT385,BMGT434
BMGT332,BMGT435
BMGT385,BMGT435
BMGT340,BMGT440
BMGT340,BMGT441
BMGT343,BMGT443
BMGT343,BMGT444
BMGT340,BMGT445
BMGT340,BMGT446
BMGT350,BMGT450
BMGT350,BMGT454
BMGT350,BMGT455
BMGT350,BMGT457
BMGT372,BMGT472
BMGT372,BMGT476
BMGT383,BMGT483
BMGT350,BMGT484
BMGT231,BMGT485
BMGT230,BMGT485
ENES390,BMGT490H
BMGT390,BMGT490H
BMGT190,BMGT491
ENES190,BMGT491
BMGT301,BMGT499J
BMGT301,BMGT499K
MATH120,BSCI160
MATH120,BSCI161
MATH120,BSCI170
MATH120,BSCI171
MATH120,BSCI171S
BSCI170,BSCI201
BSCI201,BSCI202
BSCI160,BSCI207
BSCI161,BSCI207
BSCI106,BSCI207
CHEM131,BSCI222
CHEM132,BSCI222
BSCI160,BSCI222
BSCI161,BSCI222
BSCI106,BSCI222
BSCI170,BSCI222
BSCI171,BSCI222
BSCI105,BSCI222
BSCI170,BSCI223
BSCI171,BSCI223
BSCI105,BSCI223
BSCI222,BSCI283
CHEM131,BSCI330
CHEM132,BSCI330
BSCI207,BSCI334
BSCI160,BSCI335
BSCI161,BSCI335
BSCI106,BSCI335
BSCI160,BSCI337
BSCI161,BSCI337
BSCI106,BSCI337
BSCI330,BSCI343
BSCI223,BSCI348A
NEUR200,BSCI353
BSCI330,BSCI353
BSCI160,BSCI361
BSCI161,BSCI361
BSCI106,BSCI361
BSCI160,BSCI370
BSCI161,BSCI370
BSCI222,BSCI370
BSCI160,BSCI401
BSCI161,BSCI401
BSCI106,BSCI401
BSCI207,BSCI403
NEUR306,BSCI403
BSCI353,BSCI403
BSCI222,BSCI410
BSCI222,BSCI412
BSCI223,BSCI412
BSCI283,BSCI412
BSCI222,BSCI414
BSCI410,BSCI416
BSCI222,BSCI417
BSCI223,BSCI417
BSCI283,BSCI417
BSCI330,BSCI420
BSCI222,BSCI420
CHEM231,BSCI420
CHEM232,BSCI420
BSCI222,BSCI422
BSCI222,BSCI423
BSCI330,BSCI425
BSCI222,BSCI425
CHEM231,BSCI425
CHEM232,BSCI425
BSCI420,BSCI425
BSCI207,BSCI426
BSCI222,BSCI430
BSCI330,BSCI430
BSCI222,BSCI433
BSCI330,BSCI433
MATH136,BSCI435
MATH140,BSCI435
BSCI160,BSCI435
BSCI170,BSCI435
BIOE120,BSCI435
BSCI330,BSCI436
BSCI222,BSCI437
BSCI207,BSCI439A
BSCI170,BSCI442
BSCI171,BSCI442
PLSC201,BSCI442
CHEM231,BSCI442
CHEM232,BSCI442
CHEM237,BSCI442
BSCI223,BSCI443
BSCI283,BSCI443
BCHM461,BSCI443
BCHM462,BSCI443
BSCI353,BSCI446
NEUR306,BSCI446
BSCI330,BSCI450
CHEM233,BSCI450
CHEM231,BSCI450
CHEM232,BSCI450
BSCI440,BSCI451
BSCI450,BSCI451
BSCI330,BSCI452
BSCI353,BSCI452
NEUR306,BSCI452
BSCI207,BSCI453
NEUR200,BSCI453
BSCI330,BSCI454
BSCI353,BSCI454
PHYS122,BSCI454
PHYS132,BSCI454
PHYS142,BSCI454
NEUR306,BSCI455
BSCI353,BSCI455
PHYS132,BSCI455
BSCI353,BSCI456
NEUR306,BSCI456
MATH130,BSCI462
MATH136,BSCI462
MATH140,BSCI462
BSCI361,BSCI462
BSCI222,BSCI476
BSCI370,BSCI477
BSCI361,BSCI477
MATH136,BSCI477
MATH140,BSCI477
BSCI160,BSCI487
BSCI161,BSCI487
BSCV191,BSCV182
BSCV301,BSCV302
INST126,BSOS326
BSOS233,BSOS326
BUAC731,BUAC732
BUFN400,BUFN402
BUFN400,BUFN403
CMSC320,BUFN403
BUFN610,BUFN710
BUFN610,BUFN712
BUFN610,BUFN726
BUFN610,BUFN730
BUFN610,BUFN732
BUFN610,BUFN744
BUFN732,BUFN744
BUFN650,BUFN745
BUSI640,BUFN746
BUFN740,BUFN746
BUSI650,BUSI731
BUSI640,BUSI740
BUSI640,BUSI745
BUSM606,BUSM701
BUSM612,BUSM701
BUSM612,BUSM702
BUSM610,BUSM733
BUSM610,BUSM735
BUSM606,BUSM761
BUSM606,BUSM762
BUSO602,BUSO601
BUSM600,BUSO706
BUSO600,BUSO706
BUSI662,BUSO706
EMBA656,BUSO706
BUSM606,BUSO733
BUSO607,BUSO733
BUSI630,BUSO733
BUSI650,BUSO740
BUSM612,BUSO740
BUSO612,BUSO740
CCJS100,CCJS200
CCJS105,CCJS200
STAT100,CCJS200
MATH107,CCJS200
MATH111,CCJS200
MATH120,CCJS200
MATH130,CCJS200
MATH135,CCJS200
MATH140,CCJS200
CCJS100,CCJS230
CCJS100,CCJS300
CCJS105,CCJS300
PSYC200,CCJS300
CCJS200,CCJS300
ECON321,CCJS300
BMGT230,CCJS300
SOCY201,CCJS300
CCJS100,CCJS320
CCJS230,CCJS320
CCJS100,CCJS340
CCJS100,CCJS342
CCJS100,CCJS345
CCJS100,CCJS346
CCJS100,CCJS352
CCJS105,CCJS360
CCJS100,CCJS370
CCJS100,CCJS405
CCJS105,CCJS405
CCJS100,CCJS418F
CCJS105,CCJS418F
CCJS300,CCJS418F
CCJS105,CCJS450
CCJS300,CCJS450
CCJS105,CCJS451
CCJS300,CCJS451
CCJS300,CCJS454
CCJS105,CCJS454
CCJS100,CCJS460
CCJS620,CCJS621
CCJS632,CCJS633
CCJS610,CCJS700
CHEM135,CHBE101
CHBE301,CHBE302
CHBE101,CHBE422
CHBE250,CHBE422
MATH241,CHBE422
MATH246,CHBE422
CHBE422,CHBE424
CHBE301,CHBE440
MATH241,CHBE440
MATH246,CHBE440
CHBE442,CHBE446
CHBE444,CHBE446
MATH246,CHBE457
CHEM231,CHBE457
CHBE301,CHBE457
ENMA461,CHBE457
BIOE232,CHBE457
BIOE120,CHBE480
CHBE302,CHBE486
CHBE424,CHBE486
CHBE440,CHBE486
BIOE120,CHBE497
CHBE302,CHBE497
CHBE440,CHBE497
CHBE422,CHBE630
ENCH424,CHBE630
CHBE440,CHBE640
CHBE302,CHBE686
CHBE424,CHBE686
CHBE440,CHBE686
MATH120,CHEM131
MATH120,CHEM132
CHEM131,CHEM134
CHEM146,CHEM134
MATH120,CHEM135
CHEM135,CHEM136
MATH120,CHEM136
CHEM131,CHEM231
CHEM135,CHEM231
CHEM146,CHEM231
CHEM132,CHEM231
CHEM136,CHEM231
CHEM147,CHEM231
CHEM177,CHEM231
CHEM131,CHEM232
CHEM132,CHEM232
CHEM135,CHEM232
CHEM136,CHEM232
CHEM146,CHEM232
CHEM147,CHEM232
CHEM131,CHEM232S
CHEM132,CHEM232S
CHEM135,CHEM232S
CHEM136,CHEM232S
CHEM146,CHEM232S
CHEM147,CHEM232S
CHEM131,CHEM237
CHEM135,CHEM237
CHEM146,CHEM237
CHEM132,CHEM237
CHEM136,CHEM237
CHEM147,CHEM237
CHEM231,CHEM241
CHEM232,CHEM241
CHEM237,CHEM241
CHEM231,CHEM242
CHEM232,CHEM242
CHEM237,CHEM242
CHEM241,CHEM271
CHEM242,CHEM271
CHEM247,CHEM271
CHEM241,CHEM272
CHEM242,CHEM272
CHEM247,CHEM272
CHEM241,CHEM276
CHEM242,CHEM276
CHEM247,CHEM276
CHEM241,CHEM277
CHEM242,CHEM277
CHEM247,CHEM277
CHEM241,CHEM316
CHEM242,CHEM316
CHEM247,CHEM316
CHEM271,CHEM316
CHEM276,CHEM316
CHEM272,CHEM316
CHEM277,CHEM316
CHEM276,CHEM401
CHEM271,CHEM401
CHEM247,CHEM401
CHEM241,CHEM401
CHEM272,CHEM425
CHEM271,CHEM425
CHEM276,CHEM425
CHEM277,CHEM425
CHEM131,CHEM433
CHEM135,CHEM433
CHEM146,CHEM433
CHEM276,CHEM480
CHEM271,CHEM480
CHEM277,CHEM480
CHEM272,CHEM480
MATH141,CHEM480
MATH136,CHEM480
PHYS260,CHEM480
PHYS261,CHEM480
PHYS132,CHEM480
CHEM135,CHEM481
CHEM271,CHEM481
CHEM272,CHEM481
CHEM276,CHEM481
CHEM277,CHEM481
CHEM135,CHEM482
CHEM271,CHEM482
CHEM272,CHEM482
CHEM276,CHEM482
CHEM277,CHEM482
CHEM481,CHEM483
CHEM481,CHEM484
CHEM483,CHEM484
CHEM482,CHEM484
CHEM247,CHEM498N
CHEM241,CHEM498N
BCHM461,CHEM498N
BCHM462,CHEM498N
CHEM482,CHEM623
CHEM482,CHEM625
CHEM131,CHEM633
CHEM135,CHEM633
CHEM146,CHEM633
CHEM641,CHEM648N
PHYS603,CHEM703
CHEM687,CHEM703
CHIN101,CHIN102
CHIN101,CHIN103
CHIN201,CHIN203
CHIN202,CHIN204
CHIN301,CHIN302
CHIN204,CHIN307
CHIN401,CHIN402
CHIN302,CHIN403
CHIN306,CHIN403
CHIN402,CHIN411
PHYS603,CHPH703
CHEM687,CHPH703
ENGL245,CINE302
FILM245,CINE302
CINE245,CINE302
ENGL245,CINE319F
FILM245,CINE319F
CINE245,CINE319F
CINE283,CINE319F
FILM283,CINE319F
SLLC283,CINE319F
ENGL245,CINE329F
FILM245,CINE329F
CINE245,CINE329F
SLLC283,CINE329F
CINE283,CINE329F
FILM283,CINE329F
ENGL245,CINE342
FILM245,CINE342
CINE245,CINE342
ENGL245,CINE359E
FILM245,CINE359E
CINE245,CINE359E
CINE283,CINE359E
FILM283,CINE359E
SLLC283,CINE359E
ENGL245,CINE369K
FILM245,CINE369K
CINE245,CINE369K
CINE283,CINE369K
FILM283,CINE369K
SLLC283,CINE369K
ENGL275,CINE376
ARHU275,CINE376
ARHU375,CINE376
THET340,CINE376
ENGL245,CINE412
FILM245,CINE412
CINE245,CINE412
CINE245,CINE415
CINE310,CINE415
MATH115,CMSC125
CMSC131,CMSC132
MATH140,CMSC132
CMSC132,CMSC216
MATH141,CMSC216
CMSC131,CMSC250
MATH141,CMSC250
CMSC131,CMSC250H
MATH141,CMSC250H
CMSC216,CMSC320
CMSC250,CMSC320
CMSC250,CMSC330
CMSC216,CMSC330
CMSC216,CMSC335
CMSC250,CMSC335
CMSC250,CMSC351
CMSC216,CMSC351
CMSC216,CMSC388J
CMSC250,CMSC388J
CMSC216,CMSC389O
CMSC250,CMSC389O
CMSC216,CMSC389P
CMSC250,CMSC389P
CMSC216,CMSC398L
CMSC250,CMSC398L
CMSC216,CMSC398M
CMSC250,CMSC398M
CMSC250,CMSC398R
CMSC216,CMSC398R
GEOG276,CMSC401
CMSC330,CMSC401
CMSC351,CMSC401
CMSC330,CMSC411
CMSC330,CMSC412
CMSC351,CMSC412
CMSC414,CMSC412
CMSC417,CMSC412
CMSC420,CMSC412
CMSC430,CMSC412
CMSC433,CMSC412
CMSC435,CMSC412
ENEE440,CMSC412
ENEE457,CMSC412
CMSC330,CMSC414
CMSC351,CMSC414
CMSC351,CMSC417
CMSC330,CMSC417
CMSC351,CMSC420
CMSC330,CMSC420
CMSC351,CMSC421
CMSC330,CMSC421
CMSC320,CMSC422
CMSC330,CMSC422
CMSC351,CMSC422
MATH240,CMSC422
MATH341,CMSC422
MATH461,CMSC422
CMSC351,CMSC423
CMSC330,CMSC423
CMSC351,CMSC424
CMSC330,CMSC424
CMSC330,CMSC425
CMSC351,CMSC425
CMSC330,CMSC426
CMSC351,CMSC426
MATH240,CMSC426
MATH341,CMSC426
MATH461,CMSC426
CMSC330,CMSC427
CMSC351,CMSC427
MATH240,CMSC427
MATH341,CMSC427
MATH461,CMSC427
CMSC330,CMSC430
CMSC351,CMSC430
CMSC330,CMSC433
CMSC330,CMSC434
CMSC351,CMSC434
CMSC412,CMSC435
CMSC417,CMSC435
CMSC420,CMSC435
CMSC430,CMSC435
CMSC433,CMSC435
ENEE447,CMSC435
CMSC330,CMSC436
CMSC351,CMSC436
CMSC351,CMSC451
CMSC351,CMSC452
CMSC330,CMSC454
CMSC351,CMSC454
CMSC106,CMSC456
CMSC131,CMSC456
ENEE150,CMSC456
CMSC330,CMSC456
CMSC351,CMSC456
ENEE324,CMSC456
ENEE380,CMSC456
MATH240,CMSC457
MATH341,CMSC457
MATH461,CMSC457
PHYS274,CMSC457
CMSC351,CMSC457
PHYS373,CMSC457
MATH240,CMSC460
MATH341,CMSC460
MATH461,CMSC460
MATH241,CMSC460
MATH340,CMSC460
CMSC106,CMSC460
CMSC131,CMSC460
MATH246,CMSC460
MATH240,CMSC466
MATH341,CMSC466
MATH461,CMSC466
MATH241,CMSC466
MATH340,CMSC466
CMSC106,CMSC466
CMSC131,CMSC466
MATH410,CMSC466
CMSC320,CMSC470
CMSC330,CMSC470
CMSC351,CMSC470
MATH240,CMSC470
MATH341,CMSC470
MATH461,CMSC470
CMSC330,CMSC471
CMSC351,CMSC471
MATH240,CMSC475
MATH341,CMSC475
MATH461,CMSC475
MATH241,CMSC475
MATH340,CMSC475
MATH240,CMSC477
MATH341,CMSC477
MATH461,CMSC477
ENEE467,CMSC477
CMSC420,CMSC477
CMSC330,CMSC498C
CMSC351,CMSC498C
CMSC414,CMSC498C
CMSC456,CMSC498C
CMSC424,CMSC624
CMSC451,CMSC656
CMSC452,CMSC656
CMSC456,CMSC656
CMSC412,CMSC711
CMSC411,CMSC714
CMSC412,CMSC714
CMSC424,CMSC725
CMSC420,CMSC725
CMSC434,CMSC734
MATH410,CMSC764
COMM130,COMM201
COMM130,COMM301
COMM250,COMM301
STAT100,COMM301
BMGT230,COMM301
EDMS451,COMM301
CCJS200,COMM301
PSYC200,COMM301
SOCY201,COMM301
COMM107,COMM301
COMM200,COMM301
COMM230,COMM301
COMM304,COMM301
COMM130,COMM302
COMM250,COMM302
STAT100,COMM302
BMGT230,COMM302
EDMS451,COMM302
CCJS200,COMM302
PSYC200,COMM302
SOCY201,COMM302
COMM107,COMM302
COMM200,COMM302
COMM230,COMM302
COMM304,COMM302
COMM130,COMM303
COMM250,COMM303
STAT100,COMM303
BMGT230,COMM303
EDMS451,COMM303
CCJS200,COMM303
PSYC200,COMM303
SOCY201,COMM303
COMM107,COMM303
COMM200,COMM303
COMM230,COMM303
COMM304,COMM303
COMM250,COMM304
STAT100,COMM304
BMGT230,COMM304
EDMS451,COMM304
CCJS200,COMM304
PSYC200,COMM304
SOCY201,COMM304
COMM107,COMM304
COMM200,COMM304
COMM230,COMM304
COMM130,COMM305
COMM304,COMM305
COMM130,COMM306
COMM304,COMM306
COMM130,COMM307
COMM304,COMM307
COMM130,COMM331
COMM201,COMM331
COMM331,COMM351
COMM351,COMM353
COMM201,COMM354H
COMM107,COMM363
COMM200,COMM363
COMM130,COMM363
COMM250,COMM363
COMM250,COMM370
COMM311,COMM398U
COMM398,COMM398U
COMM351,COMM483
COMM305,COMM483
COMM306,COMM483
COMM307,COMM483
COMM400,COMM483
COMM700,COMM701
CPBE100,CPBE101
CPBE100,CPBE230
CPBE100,CPBE240
CPBE100,CPBE250
CPCV100,CPCV101
CPET100,CPET101
CPET200,CPET230
CPET200,CPET250
CPGH100,CPGH101
CPGH200,CPGH230
CPGH200,CPGH240
CPGH200,CPGH250
CPGH200,CPGH270
CPMS100,CPMS101
CPMS101,CPMS230
CPMS101,CPMS240
CPPL100,CPPL101
CPSA100,CPSA101
CPSA200,CPSA201
CPSA200,CPSA240
CPSA200,CPSA250
CPSA200,CPSA260
CPSF100,CPSF101
CPSG100,CPSG101
CPSG200,CPSG230
CPSG200,CPSG240
CPSG200,CPSG250
CPSN100,CPSN101
CPSN101,CPSN230
CPSN101,CPSN240
CPSN101,CPSN250
CPSS100,CPSS101
CPSS100,CPSS225
DANC109,DANC207
DANC218,DANC219
DANC219,DANC318
DANC318,DANC319
DANC179,DANC371
DANC319,DANC448
DANC448,DANC449
DANC483,DANC485
MATH110,DATA100
MATH112,DATA100
MATH113,DATA100
MATH115,DATA100
STAT100,DATA100
DATA100,DATA110
STAT100,DATA110
MATH135,DATA110
STAT100,DATA120
MATH135,DATA120
STAT100,DATA200
MATH135,DATA200
DATA110,DATA250
DATA120,DATA250
MATH141,DATA250
DATA110,DATA320
DATA120,DATA320
DATA200,DATA320
DATA250,DATA320
STAT100,DATA350
MATH135,DATA350
DATA110,DATA350
DATA120,DATA350
MATH131,DATA400
MATH141,DATA400
DATA601,DATA604
MSML601,DATA604
DATA602,DATA605
DATA602,DATA606
DATA603,DATA641
MSML603,DATA641
MATH107,ECON200
MATH110,ECON200
MATH113,ECON200
MATH107,ECON201
MATH110,ECON201
MATH113,ECON201
ECON200,ECON300
ECON201,ECON300
MATH140,ECON300
ECON200,ECON305
ECON201,ECON305
MATH120,ECON305
MATH130,ECON305
MATH136,ECON305
MATH140,ECON305
ECON200,ECON306
AREC250,ECON306
ECON201,ECON306
MATH120,ECON306
MATH130,ECON306
MATH136,ECON306
MATH140,ECON306
ECON200,ECON311
ECON201,ECON311
ECON200,ECON312
ECON201,ECON312
ECON200,ECON317
ECON201,ECON317
ECON200,ECON321
ECON201,ECON321
ECON300,ECON321
MATH241,ECON321
ECON200,ECON325
ECON201,ECON325
ECON300,ECON325
MATH241,ECON325
ECON200,ECON326
ECON201,ECON326
ECON300,ECON326
MATH241,ECON326
ECON200,ECON330
ECON201,ECON330
ECON200,ECON354
ECON201,ECON354
ECON230,ECON354
BMGT230,ECON354
ECON321,ECON354
STAT401,ECON354
ECON201,ECON386
ECON200,ECON386
ECON200,ECON387
ECON201,ECON387
ECON396,ECON397
ECON306,ECON414
ECON326,ECON414
ECON230,ECON414
BMGT230,ECON414
ECON321,ECON414
STAT401,ECON414
ECON325,ECON416
ECON326,ECON416
ECON422,ECON416
ECON305,ECON418L
ECON325,ECON418L
ECON306,ECON418L
ECON326,ECON418L
ECON230,ECON418L
BMGT230,ECON418L
ECON321,ECON418L
ECON325,ECON422
ECON326,ECON422
ECON321,ECON422
STAT401,ECON422
ECON422,ECON423
ECON305,ECON424
ECON306,ECON424
ECON325,ECON424
ECON326,ECON424
ECON230,ECON424
BMGT230,ECON424
ECON321,ECON424
ECON326,ECON427
ECON321,ECON427
STAT401,ECON427
ECON306,ECON433
ECON326,ECON433
ECON230,ECON433
BMGT230,ECON433
ECON321,ECON433
STAT401,ECON433
ECON306,ECON454
ECON326,ECON454
ECON230,ECON454
BMGT230,ECON454
ECON321,ECON454
STAT401,ECON454
ECON306,ECON456
ECON326,ECON456
ECON230,ECON456
BMGT230,ECON456
ECON321,ECON456
ECON306,ECON465
ECON326,ECON465
ECON230,ECON465
BMGT230,ECON465
ECON321,ECON465
STAT401,ECON465
ECON306,ECON470
ECON326,ECON470
ECON230,ECON470
BMGT230,ECON470
ECON321,ECON470
STAT401,ECON470
AREC326,ECON481
ECON306,ECON481
ECON326,ECON481
ECON230,ECON481
ECON321,ECON481
BMGT230,ECON481
AREC326,ECON484
ECON306,ECON484
ECON326,ECON484
ECON230,ECON484
ECON321,ECON484
BMGT230,ECON484
AREC326,ECON486
ECON306,ECON486
ECON326,ECON486
ECON230,ECON486
ECON321,ECON486
BMGT230,ECON486
ECON601,ECON602
ECON603,ECON604
ECON615,ECON617
ECON616,ECON617
ECON623,ECON624
ECON603,ECON636
ECON604,ECON636
ECON643,ECON644
ECON644,ECON645
ECON604,ECON652
ECON624,ECON652
ECON604,ECON662
ECON603,ECON662
ECON641,ECON670
ECON644,ECON670
ECON641,ECON671
ECON644,ECON671
ECON641,ECON672
ECON645,ECON672
ECON641,ECON673
ECON644,ECON673
ECON641,ECON676
ECON642,ECON676
ECON644,ECON676
ECON641,ECON683
ECON642,ECON683
ECON644,ECON683
ECON642,ECON684
ECON645,ECON684
ECON645,ECON687
ECON602,ECON702
ECON601,ECON702
ECON604,ECON704
ECON603,ECON704
ECON624,ECON722
ECON603,ECON742
ECON602,ECON743
ECON602,ECON747
ECON601,ECON747
ECON604,ECON747
ECON603,ECON747
ECON751,ECON752
ECON603,ECON772
ECON604,ECON772
ECON623,ECON772
ECON624,ECON772
ECON626,ECON772
ECON603,ECON781
ECON623,ECON781
EDCP616,EDCP621
EDCP632,EDCP633
EDCP635,EDCP636
EDCP616,EDCP651
EDMS651,EDCP742
EDCP771,EDCP776
EDCP741,EDCP776
PSYC100,EDHD310
EDHD314,EDHD415
EDHD425,EDHD415
EDHD419,EDHD415
EDSP420,EDHD415
EDHD320,EDHD420
EDHD411,EDHD420
PSYC341,EDHD420
PSYC355,EDHD420
EDHD425,EDHD424
EDHD314,EDHD424
EDHD419,EDHD424
EDSP420,EDHD424
EDHD314,EDHD431
EDHD425,EDHD431
EDHD419,EDHD431
EDSP420,EDHD431
EDHD323,EDHD432
EDHD322,EDHD432
EDSP417,EDHD432
EDHD441,EDHD432
EDHD442,EDHD432
EDHD443,EDHD432
EDHD444,EDHD432
EDSP321,EDHD432
EDHD322,EDHD437
EDHD323,EDHD437
EDSP321,EDHD437
EDSP417,EDHD437
EDHD441,EDHD437
EDHD442,EDHD437
EDHD443,EDHD437
EDHD444,EDHD437
PSYC100,EDHD460
EDHD475,EDHD476
EDHD475,EDHD476H
EDHD601,EDHD775
EDMS623,EDMS626
EDMS645,EDMS646
EDMS651,EDMS647
EDMS646,EDMS651
EDMS657,EDMS722
EDMS623,EDMS724
EDMS651,EDMS724
EDHD314,EDSP315
EDHD425,EDSP315
EDHD419,EDSP315
EDSP420,EDSP315
EDSP400,EDSP403
EDSP602,EDSP403
EDHD314,EDSP433
EDHD425,EDSP433
EDHD419,EDSP433
EDSP420,EDSP433
EDSP376,EDSP476
EDSP600,EDSP615
EDMS646,EDSP615
EDSP600,EDSP670
EDSP600,EDSP671
EDSP616,EDSP684
EDMS645,EDSP872
EDMS646,EDSP872
PHYS271,ENAE311
MATH240,ENAE311
MATH461,ENAE311
PHYS270,ENAE311
MATH246,ENAE311
ENAE283,ENAE311
ENES220,ENAE311
ENAE202,ENAE311
MATH241,ENAE311
ENES232,ENAE311
PHYS271,ENAE311H
MATH240,ENAE311H
MATH461,ENAE311H
PHYS270,ENAE311H
MATH246,ENAE311H
ENAE283,ENAE311H
ENES220,ENAE311H
ENAE202,ENAE311H
MATH241,ENAE311H
ENES232,ENAE311H
ENES220,ENAE324
ENAE301,ENAE404
ENES220,ENAE420
MATH241,ENAE420
MATH246,ENAE425
ENAE324,ENAE425
ENES220,ENAE425
MATH241,ENAE425
ENAE301,ENAE432
ENAE283,ENAE432
ENME480,ENAE450
ENAE380,ENAE450
ENAE324,ENAE464
ENAE362,ENAE464
ENAE311,ENAE464
ENAE432,ENAE464
ENAE457,ENAE467
ENAE414,ENAE471
ENAE455,ENAE482
ENAE423,ENAE482
ENAE403,ENAE482
ENAE481,ENAE482
ENAE423,ENAE484
ENAE483,ENAE484
ENAE441,ENAE484
ENAE457,ENAE484
ENAE311,ENAE488C
ENAE202,ENAE488C
ENAE432,ENAE488C
MATH240,ENAE488C
ENAE202,ENAE488O
MATH240,ENAE488O
MATH461,ENAE488O
ENAE631,ENAE633
ENAE631,ENAE634
ENAE631,ENAE635
ENAE432,ENAE641
ENAE403,ENAE642
ENAE432,ENAE642
ENAE301,ENAE646
ENAE655,ENAE656
ENAE455,ENAE665
ENAE457,ENAE667
ENAE673,ENAE676
ENAE684,ENAE685
ENAE601,ENAE741
ENAE432,ENAE741
ENAE202,ENAE788O
MATH240,ENAE788O
MATH461,ENAE788O
ENAE673,ENAE788Q
ENBC311,ENBC321
ENBC332,ENBC321
ENBC341,ENBC342
BIOE241,ENBC342
ENBC331,ENBC342
BSCI170,ENBC351
BIOE120,ENBC351
ENBC351,ENBC352
ENBC311,ENBC403
ENBC423,ENBC424
ENBC351,ENBC441
ENBC311,ENBC455
ENES100,ENCE200
MATH141,ENCE200
ENES102,ENCE200
ENES220,ENCE201
MATH241,ENCE201
CHEM135,ENCE215
ENES220,ENCE300
MATH246,ENCE302
ENCE201,ENCE302
ENES220,ENCE305
PHYS260,ENCE305
PHYS261,ENCE305
PHYS260,ENCE310
ENCE215,ENCE310
ENES220,ENCE340
MATH246,ENCE353
ENES220,ENCE353
ENCE201,ENCE360
MATH140,ENCE360
ENCE201,ENCE370
PHYS260,ENCE370
PHYS261,ENCE370
ENCE302,ENCE402
ENCE310,ENCE411
ENCE305,ENCE412
ENCE310,ENCE412
ENCE302,ENCE430
ENCE305,ENCE431
ENCE353,ENCE444
ENCE340,ENCE444
ENCE353,ENCE453
ENCE353,ENCE455
ENCE465,ENCE467
ENCE302,ENCE467
ENCE305,ENCE467
ENCE302,ENCE472
ENCE370,ENCE472
PHYS161,ENCE489J
ENCE201,ENCE489T
PHYS260,ENCE489T
PHYS261,ENCE489T
ENCE423,ENCE623
ENCE662,ENCE623
ENCE302,ENCE632
ENCE360,ENCE632
ENCE340,ENCE641
ENCE340,ENCE647
ENEB302,ENEB304
MATH141,ENEB345
ENEB344,ENEB353
ENEB354,ENEB353
ENEB340,ENEB355
ENEB354,ENEB355
ENEB454,ENEB443
ENEB454,ENEB452
ENEB340,ENEB453
ENEB341,ENEB453
ENEB344,ENEB455
ENEB340,ENEB455
ENEB345,ENEB456
ENEB346,ENEB456
ENEB345,ENEB457
ENEB352,ENEB457
ENEB355,ENEB457
PHYS260,ENEE205
PHYS261,ENEE205
ENEE140,ENEE222
CMSC131,ENEE222
CMSC132,ENEE244
ENEE150,ENEE244
ENEE244,ENEE245
MATH141,ENEE290
ENEE205,ENEE304
ENEE304,ENEE305
ENEE205,ENEE313
MATH246,ENEE322
ENEE290,ENEE322
ENEE222,ENEE322
MATH246,ENEE323
ENEE290,ENEE323
ENEE222,ENEE323
MATH246,ENEE324
ENEE222,ENEE324
MATH246,ENEE324H
ENEE222,ENEE324H
ENEE244,ENEE350
ENEE150,ENEE350
CMSC132,ENEE350
ENEE150,ENEE351
ENEE244,ENEE351
ENEE205,ENEE382
MATH241,ENEE382
PHYS270,ENEE382
PHYS271,ENEE382
ENEE440,ENEE408A
ENEE460,ENEE408I
ENEE463,ENEE408I
ENEE460,ENEE408I
ENEE463,ENEE408I
ENEE303,ENEE408J
ENEE304,ENEE408J
ENEE350,ENEE408M
ENEE313,ENEE413
ENEE304,ENEE413
ENEE304,ENEE419M
ENEE313,ENEE419M
ENEE322,ENEE425
ENEE324,ENEE426
STAT400,ENEE426
ENEE324,ENEE428
ENEE420,ENEE428
ENEE425,ENEE428
ENEE324,ENEE436
STAT400,ENEE436
ENEE150,ENEE436
CMSC216,ENEE436
ENEE350,ENEE440
ENEE205,ENEE445
ENEE206,ENEE445
ENEE350,ENEE445
ENEE350,ENEE446
CMSC414,ENEE447
CMSC417,ENEE447
CMSC420,ENEE447
CMSC430,ENEE447
CMSC433,ENEE447
CMSC435,ENEE447
ENEE440,ENEE447
ENEE457,ENEE447
ENEE350,ENEE447
CMSC330,ENEE447
CMSC351,ENEE447
CMSC106,ENEE456
CMSC131,ENEE456
ENEE150,ENEE456
CMSC330,ENEE456
CMSC351,ENEE456
ENEE324,ENEE456
ENEE380,ENEE456
ENEE303,ENEE459C
ENEE304,ENEE459C
ENEE350,ENEE459C
ENEE322,ENEE460
ENEE290,ENEE460
MATH240,ENEE460
MATH461,ENEE460
ENEE205,ENEE461
ENEE322,ENEE461
ENEE205,ENEE473
ENEE303,ENEE475
PHYS270,ENEE491
ENEE205,ENEE491
ENEE290,ENEE491
MATH461,ENEE491
ENEE303,ENEE612
ENEE475,ENEE612
ENEE476,ENEE612
ENEE620,ENEE621
ENEE620,ENEE627
MATH461,ENEE633
ENEE303,ENEE640
ENEE350,ENEE640
ENEE350,ENEE645
CMSC216,ENEE645
ENEE660,ENEE661
MATH410,ENEE661
MATH411,ENEE661
ENEE660,ENEE664
MATH410,ENEE664
ENEE381,ENEE681
ENEE380,ENEE692
ENEE381,ENEE692
MATH140,ENES100
MATH140,ENES100A
ENES113,ENES114
ENES115,ENES116
ENES150,ENES152
MATH107,ENES192
ENES213,ENES214
ENES115,ENES216
ENES116,ENES216
ENES215,ENES216
ENES102,ENES220
MATH141,ENES220
PHYS161,ENES220
ENES102,ENES221
MATH141,ENES221
PHYS161,ENES221
PHYS261,ENES232
PHYS260,ENES232
MATH140,ENES260
ENES190,ENES390H
BMGT190,ENES390H
ENES240,ENES440
ENES390,ENES490H
BMGT390,ENES490H
BMGT190,ENES491
ENES190,ENES491
ENES602,ENES604
MATH141,ENFP201
ENFP300,ENFP310
ENES232,ENFP312
ENFP300,ENFP312
ENFP250,ENFP413
ENFP312,ENFP420
ENGL101,ENGL297
ENGL245,ENGL329B
FILM245,ENGL329B
CINE245,ENGL329B
CINE283,ENGL329B
FILM283,ENGL329B
SLLC283,ENGL329B
ENGL245,ENGL329E
FILM245,ENGL329E
CINE245,ENGL329E
CINE283,ENGL329E
FILM283,ENGL329E
SLLC283,ENGL329E
ENGL245,ENGL329K
FILM245,ENGL329K
CINE245,ENGL329K
CINE283,ENGL329K
FILM283,ENGL329K
SLLC283,ENGL329K
ENGL245,ENGL329Q
FILM245,ENGL329Q
CINE245,ENGL329Q
SLLC283,ENGL329Q
CINE283,ENGL329Q
FILM283,ENGL329Q
ENGL271,ENGL352
ENGL272,ENGL352
ENGL271,ENGL353
ENGL273,ENGL353
ENGL275,ENGL354
ARHU375,ENGL354
THET340,ENGL354
ENGL381,ENGL388M
HONR368,ENGL388M
ENGL301,ENGL429
ENGL280,ENGL482
LING200,ENGL482
HESP120,ENGL482
ENGL373,ENGL495
ENGL370,ENGL495
ENGL301,ENGL497
ENGL396,ENGL498
ENGL352,ENGL498
ENGL397,ENGL499
ENGL353,ENGL499
ENES100,ENMA300
ENMA180,ENMA301
MATH140,ENMA404
MATH141,ENMA404
MATH241,ENMA434
PHYS270,ENMA434
PHYS271,ENMA460
PHYS270,ENMA460
MATH241,ENMA460
ENMA300,ENMA461
ENMA300,ENMA465
MATH246,ENMA475
PHYS270,ENMA475
PHYS271,ENMA475
ENMA300,ENMA481
ENMA487,ENMA490
ENMA471,ENMA620
ENMA660,ENMA661
MATH141,ENME272
ENES232,ENME331
ENES221,ENME331
ENME331,ENME332
PHYS271,ENME350
PHYS270,ENME350
PHYS271,ENME351
ENME350,ENME351
PHYS270,ENME351
ENES220,ENME361
ENES221,ENME361
MATH246,ENME361
MATH206,ENME361
ENME202,ENME361
ENES221,ENME371
ENME392,ENME371
STAT400,ENME371
ENES100,ENME382
MATH241,ENME392
ENME361,ENME400
ENES220,ENME406
ENES221,ENME406
ENME272,ENME406
ENME351,ENME413
ENME331,ENME416
ENES232,ENME420
ENES220,ENME427
ENME382,ENME427
MATH246,ENME431
ENME351,ENME435
ENME331,ENME436
ENME202,ENME437
ENME392,ENME437
ENME392,ENME440
ENME351,ENME461
ENME361,ENME461
ENME361,ENME462
ENME392,ENME464
ENME331,ENME472
ENME361,ENME472
ENME351,ENME472
ENME371,ENME472
ENME332,ENME472
ENME489,ENME489D
ENME202,ENME489I
ENME202,ENME489M
ENME331,ENME489M
ENME662,ENME665
ENME670,ENME684
ENME202,ENME691
ENME202,ENME697
ENME392,ENME697
ENME392,ENME743
ENME272,ENME744
ENME331,ENME744
ENMT322,ENMT313
MATH246,ENMT322
ENMT301,ENMT332
ENMT361,ENMT362
ENMT380,ENMT372
ENPM611,ENPM612
ENPM611,ENPM614
ENPM672,ENPM656
ENPM673,ENPM808E
ENPM691,ENPM809V
MATH141,ENRE447
MATH246,ENRE447
ENRE602,ENRE640
ENRE602,ENRE655
ENRE602,ENRE670
ENSE621,ENSE622
ENSP101,ENSP400
ENSP102,ENSP400
BSCI160,ENST214
BSCI161,ENST214
CHEM131,ENST334
CHEM132,ENST334
BSCI207,ENST334
MATH140,ENST405
MATH120,ENST405
MATH220,ENST405
ENST360,ENST410
BSCI361,ENST410
ENST200,ENST421
ENST200,ENST422
ENST200,ENST423
ENST200,ENST430
ENST233,ENST436
BSCI160,ENST452
BSCI161,ENST452
BSCI106,ENST452
BSCI362,ENST452
ENST450,ENST452
ENST360,ENST452
BSCI361,ENST452
MATH120,ENST453
ENST200,ENST453
GEOG306,ENST453
BIOM301,ENST453
ENST460,ENST462
MATH120,ENST481
MATH140,ENST481
MATH220,ENST481
PHYS121,ENST481
CHEM131,ENST481
BSCI361,ENST481
ENST389,ENST486
ENST200,ENST622
ENST200,ENST630
MATH120,ENST645
MATH220,ENST645
MATH140,ENST645
CHEM131,ENST681
PHYS121,ENST681
ENST602,ENST702
ENTS640,ENTS641
EPIB301,EPIB315
HLTH200,EPIB315
EPIB301,EPIB330
SPHL602,EPIB611
EPIB610,EPIB611
SPHL602,EPIB611
EPIB610,EPIB611
SPHL602,EPIB622
EPIB610,EPIB622
SPHL602,EPIB637
SPHL602,EPIB651
EPIB650,EPIB651
SPHL602,EPIB651
EPIB650,EPIB651
EPIB651,EPIB653
EPIB650,EPIB660
EPIB650,EPIB674
EPIB651,EPIB674
EPIB612,EPIB741
PSYC100,FMSC332
FMSC105,FMSC332
FMSC110,FMSC374
SOCY100,FMSC381
SOCY105,FMSC381
FMSC330,FMSC383
PSYC100,FMSC431
PSYC100,FMSC432
SOCY100,FMSC432
SOCY105,FMSC432
SOCY100,FMSC460
SOCY105,FMSC460
PSYC100,FMSC460
FMSC383,FMSC477
FMSC330,FMSC485
PSYC300,FMSC485
EDMS645,FMSC610
FMSC745,FMSC635
FMSC640,FMSC635
FMSC641,FMSC635
FMSC640,FMSC641
FMSC650,FMSC651
FMSC652,FMSC653
FREN103,FREN203
FREN201,FREN204
FREN203,FREN204
FREN204,FREN250
FREN204,FREN250H
FREN250,FREN301
FREN301,FREN306
FREN301,FREN352
FREN301,FREN352H
FREN301,FREN387
FREN387,FREN414
FREN387,FREN475
FREN387,FREN499B
GEMS100,GEMS104
GEMS100,GEMS296
GEMS102,GEMS296
GEMS104,GEMS296
GEMS297,GEMS396
GEMS396,GEMS397
GEMS397,GEMS496
GEMS396,GEMS497
GEOL120,GEOG211
GEOL100,GEOG211
GEOG201,GEOG211
GEOG201,GEOG301
GEOG211,GEOG301
ANTH220,GEOG331
ANTH260,GEOG331
GEOG202,GEOG331
GEOG201,GEOG331
GEOG201,GEOG333
GEOG202,GEOG333
GEOG211,GEOG384
GEOG306,GEOG384
GEOG212,GEOG384
GEOG201,GEOG384
ENGL393,GEOG384
ENGL390,GEOG384
GEOG211,GEOG385
GEOG306,GEOG385
GEOG212,GEOG385
GEOG201,GEOG385
GEOG140,GEOG441
GEOG276,GEOG470
CMSC330,GEOG470
CMSC351,GEOG470
GEOG272,GEOG472
GEOG306,GEOG472
GEOG306,GEOG473
GEOG373,GEOG473
GEOG305,GEOG606
GEOG579,GEOG653
GEOG276,GEOG770
GEOL120,GEOL102
GEOL100,GEOL102
GEOL110,GEOL102
GEOL120,GEOL110
GEOL100,GEOL110
GEOL120,GEOL322
GEOL100,GEOL322
GEOL110,GEOL322
GEOL120,GEOL340
GEOL100,GEOL340
PHYS141,GEOL393
PHYS161,GEOL393
PHYS174,GEOL393
MATH141,GEOL393
CHEM131,GEOL393
CHEM132,GEOL393
CHEM135,GEOL393
CHEM136,GEOL393
GEOL393,GEOL394
BSCI207,GEOL431
BSCI392,GEOL431
GEOL104,GEOL431
GEOL204,GEOL431
GEOL331,GEOL431
MATH115,GEOL435
GEOL100,GEOL435
GEOL120,GEOL435
GEOL436,GEOL435
GEOL444,GEOL435
GEOL322,GEOL443
GEOL322,GEOL445
GEOL100,GEOL445
MATH115,GEOL445
MATH140,GEOL447
MATH141,GEOL447
PHYS141,GEOL447
PHYS161,GEOL447
PHYS171,GEOL447
GEOL120,GEOL457
GEOL100,GEOL457
MATH141,GEOL457
GEOL110,GEOL457
MATH140,GEOL457
MATH115,GEOL635
GEOL100,GEOL635
GEOL120,GEOL635
GEOL436,GEOL635
GEOL444,GEOL635
MATH140,GEOL647
MATH141,GEOL647
PHYS141,GEOL647
PHYS161,GEOL647
PHYS171,GEOL647
MATH140,GEOL657
MATH141,GEOL657
PHYS141,GEOL657
PHYS161,GEOL657
PHYS171,GEOL657
MATH241,GEOL680
MATH462,GEOL680
GEOL446,GEOL680
GERS103,GERS203
GERS203,GERS204
GERS301,GERS302
GERS301,GERS315
GERS301,GERS320
GERS301,GERS320H
GERS302,GERS402
GREK101,GREK102
GREK111,GREK112
GREK211,GREK212
GVPT170,GVPT221
GVPT200,GVPT306
GVPT217,GVPT317
GVPT201,GVPT320
GVPT170,GVPT331
GVPT354,GVPT355
GVPT354,GVPT356
GVPT170,GVPT377
GVPT396,GVPT397
GVPT200,GVPT406
GVPT200,GVPT409G
GVPT200,GVPT409H
GVPT273,GVPT417
GVPT201,GVPT419P
GVPT201,GVPT429J
GVPT201,GVPT429T
GVPT170,GVPT432
GVPT331,GVPT432
GVPT200,GVPT454
GVPT200,GVPT457
GVPT241,GVPT473
GVPT170,GVPT473
GVPT241,GVPT475
GVPT170,GVPT475
GVPT170,GVPT479P
GVPT170,GVPT479R
GVPT170,GVPT479W
GVPT282,GVPT484
GVPT280,GVPT484
GVPT604,GVPT605
GVPT604,GVPT606
GVPT622,GVPT722
HACS100,HACS101
HBUS100,HBUS105
HBUS100,HBUS205
HBUS105,HBUS205
HBUS200,HBUS205
HEBR106,HEBR107
HEBR111,HEBR107
HEBR206,HEBR207
HEBR211,HEBR207
HEBR313,HEBR314
EDCP610,HESI655
HESP202,HESP300
HESP202,HESP311
HESP202,HESP396
HESP202,HESP397
HESP300,HESP400
HESP400,HESP402
HESP305,HESP403
HESP311,HESP407
HESP311,HESP411
HESP411,HESP413
HESP400,HESP415
HESP400,HESP417
HESP411,HESP417
HESP202,HESP489
HESP610,HESP611
HESP311,HESP632
HESP648,HESP648B
HESP700,HESP701
HESP630,HESP730
HESP700,HESP733
HESP700,HESP733
HIST395,HIST396
AMST655,HIST810
ANTH655,HIST810
HIST610,HIST810
AMST856,HIST811
ANTH856,HIST811
HIST810,HIST811
SPHL100,HLSA300
PHSC300,HLSA300
HLTH366,HLSA465
HLSA601,HLSA714
SPHL602,HLSA714
SPHL602,HLSA721
HLSA601,HLSA723
SPHL602,HLSA725
HLSC100,HLSC102
CHEM131,HLSC322
CHEM132,HLSC322
BSCI160,HLSC322
BSCI161,HLSC322
BSCI170,HLSC322
BSCI171,HLSC322
BSCI170,HLSC322
BSCI171,HLSC322
HLTH200,HLTH302
EPIB301,HLTH302
HLTH200,HLTH302H
EPIB301,HLTH302H
HLTH124,HLTH306
HLTH124,HLTH306H
HLTH230,HLTH364
HLTH230,HLTH364H
HLTH130,HLTH366
HLTH230,HLTH366
PSYC100,HLTH366
SOCY100,HLTH366
SOCY105,HLTH366
ANTH260,HLTH366
SPHL100,HLTH391
HLTH124,HLTH391
HLTH140,HLTH391
HLTH200,HLTH391
HLTH230,HLTH391
EPIB301,HLTH391
EPIB315,HLTH391
BSCI170,HLTH391
BSCI201,HLTH391
HLTH302,HLTH391
SPHL100,HLTH391H
HLTH124,HLTH391H
HLTH140,HLTH391H
HLTH200,HLTH391H
HLTH230,HLTH391H
EPIB301,HLTH391H
EPIB315,HLTH391H
BSCI170,HLTH391H
BSCI201,HLTH391H
HLTH302,HLTH391H
HLTH124,HLTH399
HLTH140,HLTH399
SPHL100,HLTH399
HLTH140,HLTH420
HLTH230,HLTH420
HLTH140,HLTH460
HLTH230,HLTH460
HLTH366,HLTH460
HLTH140,HLTH460H
HLTH230,HLTH460H
HLTH366,HLTH460H
EPIB301,HLTH490
EPIB315,HLTH490
SPHL100,HLTH490
HLTH124,HLTH490
HLTH140,HLTH490
HLTH200,HLTH490
HLTH230,HLTH490
HLTH302,HLTH490
BSCI170,HLTH490
BSCI171,HLTH490
BSCI201,HLTH490
HLTH364,HLTH490
EPIB301,HLTH490H
EPIB315,HLTH490H
SPHL100,HLTH490H
HLTH124,HLTH490H
HLTH140,HLTH490H
HLTH200,HLTH490H
HLTH230,HLTH490H
HLTH302,HLTH490H
BSCI170,HLTH490H
BSCI171,HLTH490H
BSCI201,HLTH490H
HLTH364,HLTH490H
HLTH420,HLTH491
HLTH490,HLTH491
HLTH490,HLTH492
HLTH665,HLTH666
HLTH710,HLTH711
HLTH710,HLTH776
HLTH774,HLTH776
HLTH625,HLTH784
HLTH665,HLTH784
HLTH710,HLTH784
ENGL381,HONR379W
HONR368,HONR379W
IMDM227,IMDM290
ARTT255,IMDM290
IMDM290,IMDM390
IMDM490,IMDM491
INAG250,INAG207
PLSC204,INAG207
INAG250,INAG251
PLSC204,INAG251
INFM736,INFM737
STAT100,INST126
PSYC100,INST311
SOCY105,INST311
INST126,INST314
GEOG276,INST314
STAT100,INST314
MATH115,INST314
INST126,INST326
GEOG276,INST326
INST126,INST327
GEOG276,INST327
INST201,INST335
INST301,INST335
PSYC100,INST335
INST311,INST341
INST201,INST346
INST301,INST346
INST326,INST346
INST327,INST346
INST346,INST347
INST201,INST352
INST301,INST352
INST311,INST352
INST201,INST354
INST301,INST354
INST314,INST354
PSYC100,INST354
INST201,INST362
INST301,INST362
PSYC100,INST362
SOCY105,INST362
INST326,INST362
STAT100,INST362
INST201,INST364
INST301,INST364
INST327,INST364
STAT100,INST364
MATH115,INST364
PSYC100,INST364
INST126,INST366
GEOG276,INST366
STAT100,INST366
AASP101,INST366
ANTH210,INST366
ANTH260,INST366
ECON200,INST366
ECON201,INST366
GEOG202,INST366
GVPT170,INST366
PSYC100,INST366
SOCY100,INST366
SOCY105,INST366
INST380,INST367
INST201,INST371
PSYC100,INST371
SOCY105,INST371
INST201,INST377
INST301,INST377
BSOS233,INST377
INST327,INST377
STAT100,INST377
MATH115,INST377
INST201,INST380
INST126,INST380
STAT100,INST380
PSYC100,INST380
SOCY105,INST380
PSYC100,INST381
SOCY105,INST381
INST126,INST381
INST201,INST381
STAT100,INST381
MATH115,INST381
STAT100,INST398E
MATH115,INST398E
INST126,INST398E
GEOG276,INST398E
PSYC100,INST398E
SOCY105,INST398E
BSOS233,INST398E
INST362,INST402
INST367,INST402
INST380,INST406
STAT100,INST408I
MATH115,INST408I
INST126,INST408I
GEOG276,INST408I
PSYC100,INST408I
SOCY105,INST408I
BSOS233,INST408I
INST126,INST410
STAT100,INST410
PSYC100,INST410
SOCY105,INST410
INST201,INST410
INST301,INST410
MATH115,INST410
MATH115,INST414
STAT100,INST414
INST126,INST414
GEOG276,INST414
INST201,INST414
INST301,INST414
BSOS233,INST414
AASP101,INST414
ANTH210,INST414
ANTH260,INST414
ECON200,INST414
ECON201,INST414
GEOG202,INST414
GVPT170,INST414
PSYC100,INST414
SOCY100,INST414
BSOS233,INST414
INST314,INST414
INST341,INST443
INST380,INST443
STAT100,INST447
INST327,INST447
INST201,INST447
INST301,INST447
BSOS233,INST447
AASP101,INST447
ANTH210,INST447
ANTH260,INST447
ECON200,INST447
ECON201,INST447
GEOG202,INST447
GVPT170,INST447
PSYC100,INST447
SOCY100,INST447
BSOS233,INST447
INST314,INST447
BSOS331,INST447
GEOG273,INST447
INST326,INST447
INST327,INST450
INST126,INST452
GEOG276,INST452
PSYC100,INST452
BSOS233,INST452
STAT100,INST452
MATH115,INST452
INST104,INST454
INST126,INST454
INST204,INST454
INST380,INST454
INST367,INST454
STAT100,INST462
INST201,INST462
INST301,INST462
BSOS233,INST462
INST126,INST462
GEOG276,INST462
AASP101,INST462
ANTH210,INST462
ANTH260,INST462
ECON200,INST462
ECON201,INST462
GEOG202,INST462
GVPT170,INST462
PSYC100,INST462
SOCY100,INST462
SOCY105,INST462
BSOS233,INST462
INST314,INST462
INST201,INST464
INST126,INST464
MATH115,INST464
PSYC100,INST464
INST364,INST464
INST201,INST466
INST301,INST466
PSYC100,INST466
SOCY105,INST466
INST364,INST467
INST311,INST490
INST314,INST490
INST326,INST490
INST327,INST490
INST335,INST490
INST346,INST490
INST352,INST490
INST362,INST490
INST604,INST641
INST640,INST641
INFM605,INST702
INST631,INST702
INST615,INST725
LBSC690,INST733
LBSC671,INST733
INFM603,INST733
INST627,INST737
LBSC690,INST737
LBSC671,INST737
INFM603,INST737
JOUR652,INST737
INST604,INST742
INFM603,INST750
INST737,INST750
INFM603,INST751
INST733,INST751
INFM600,INST756
INFM603,INST762
INST630,INST762
JOUR652,INST762
INST737,INST767
INST775,INST776
INST604,INST785
AMST655,INST786
ANTH655,INST786
HIST610,INST786
AMST856,INST787
ANTH856,INST787
HIST810,INST787
ITAL103,ITAL203
ITAL203,ITAL204
ITAL204,ITAL207
ITAL207,ITAL311
JAPN101,JAPN102
JAPN201,JAPN202
JAPN301,JAPN302
JAPN202,JAPN311
JAPN401,JAPN407
JAPN402,JAPN407
JOUR200,JOUR152
ENGL101,JOUR201
JOUR181,JOUR201
JOUR200,JOUR201
JOUR201,JOUR202
JOUR152,JOUR320
JOUR201,JOUR320
JOUR262,JOUR320
JOUR370,JOUR320
JOUR320,JOUR325
JOUR320,JOUR327
JOUR200,JOUR328C
JOUR320,JOUR328G
JOUR320,JOUR328K
JOUR472,JOUR328O
JOUR352,JOUR328T
JOUR320,JOUR328V
JOUR201,JOUR328Z
JOUR360,JOUR334
JOUR201,JOUR347
JOUR152,JOUR352
JOUR201,JOUR352
JOUR262,JOUR352
JOUR370,JOUR352
JOUR352,JOUR353
JOUR320,JOUR353
JOUR360,JOUR353
JOUR320,JOUR355
JOUR360,JOUR355
JOUR352,JOUR355
JOUR361,JOUR357
JOUR201,JOUR360
JOUR262,JOUR361
JOUR360,JOUR361
JOUR262,JOUR362
JOUR360,JOUR362
JOUR361,JOUR362
JOUR361,JOUR367
JOUR262,JOUR368K
JOUR262,JOUR368L
JOUR368,JOUR368O
JOUR262,JOUR368Q
JOUR347,JOUR368Q
JOUR360,JOUR368Q
JOUR368,JOUR368U
JOUR262,JOUR368X
JOUR347,JOUR368X
JOUR320,JOUR368X
JOUR360,JOUR368X
JOUR262,JOUR368Y
JOUR360,JOUR368Y
JOUR320,JOUR368Y
JOUR201,JOUR370
JOUR320,JOUR382
JOUR370,JOUR383
JOUR320,JOUR384
JOUR360,JOUR384
JOUR320,JOUR389I
JOUR320,JOUR389L
JOUR201,JOUR389W
JOUR201,JOUR396
JOUR201,JOUR402
JOUR201,JOUR405
MATH107,JOUR405
MATH110,JOUR405
JOUR320,JOUR458Z
JOUR360,JOUR458Z
JOUR320,JOUR472
JOUR360,JOUR472
JOUR501,JOUR603
JOUR502,JOUR603
JOUR501,JOUR620
JOUR502,JOUR620
JOUR620,JOUR625
JOUR501,JOUR627
JOUR502,JOUR628D
JOUR620,JOUR628G
JOUR620,JOUR628K
JOUR772,JOUR628O
JOUR652,JOUR628T
JOUR501,JOUR628V
JOUR502,JOUR628Z
JOUR660,JOUR634
JOUR620,JOUR635
JOUR603,JOUR636
JOUR652,JOUR637
JOUR620,JOUR652
JOUR603,JOUR655
JOUR620,JOUR655
JOUR652,JOUR655
JOUR501,JOUR660
JOUR502,JOUR660
JOUR603,JOUR661
JOUR660,JOUR661
JOUR661,JOUR662
JOUR603,JOUR662
JOUR660,JOUR662
JOUR634,JOUR664
JOUR661,JOUR667
JOUR603,JOUR668K
JOUR636,JOUR668O
JOUR603,JOUR668Q
JOUR660,JOUR668Q
JOUR668,JOUR668U
JOUR603,JOUR668X
JOUR620,JOUR668X
JOUR660,JOUR668X
JOUR603,JOUR668Y
JOUR660,JOUR668Y
JOUR620,JOUR670
JOUR620,JOUR682
JOUR670,JOUR683
JOUR620,JOUR689I
JOUR620,JOUR689L
JOUR502,JOUR689W
JOUR502,JOUR772
JOUR601,JOUR801
JWST281,JWST282
JWST225,JWST427
RELS225,JWST427
HIST219,JWST427
BSCI201,KNES300
MATH113,KNES300
BSCI201,KNES305
BSCI202,KNES305
KNES300,KNES305
KNES350,KNES305
KNES360,KNES305
KNES370,KNES305
KNES385,KNES305
BSCI201,KNES305H
BSCI202,KNES305H
KNES300,KNES305H
KNES350,KNES305H
KNES360,KNES305H
KNES370,KNES305H
KNES385,KNES305H
BSCI201,KNES306
BSCI202,KNES306
KNES300,KNES306
BSCI201,KNES306H
BSCI202,KNES306H
KNES300,KNES306H
BSCI201,KNES320
BSCI202,KNES320
KNES360,KNES332
KNES360,KNES332H
KNES370,KNES334
KNES287,KNES355
KNES287,KNES355H
BSCI201,KNES360
BSCI202,KNES360
BSCI201,KNES385
MATH113,KNES385
BSCI201,KNES385H
MATH113,KNES385H
BSCI201,KNES405
BSCI202,KNES405
BSCI201,KNES405H
BSCI202,KNES405H
KNES350,KNES442
KNES350,KNES442H
KNES350,KNES445
KNES350,KNES445H
KNES350,KNES451
KNES350,KNES451H
KNES350,KNES457
KNES370,KNES457
KNES320,KNES460
KNES360,KNES460
KNES320,KNES460H
KNES360,KNES460H
KNES360,KNES464
KNES360,KNES464H
BSCI201,KNES471
BSCI202,KNES471
KNES385,KNES471
MATH113,KNES471
KNES476,KNES477
KNES287,KNES483
KNES287,KNES483H
KNES285,KNES484
KNES287,KNES484
KNES287,KNES485
KNES360,KNES498D
KNES300,KNES498V
KNES350,KNES645
KNES350,KNES662
KNES360,KNES694
KNES600,KNES786
KNES601,KNES786
KNES602,KNES786
KORA101,KORA102
KORA201,KORA202
KORA202,KORA398V
SPAN234,LACS486
SPAN235,LACS486
HIST250,LACS486
HIST251,LACS486
LARC120,LARC221
LARC141,LARC221
LARC220,LARC231
LARC265,LARC231
LARC266,LARC231
LARC230,LARC231
LARC320,LARC321
LARC340,LARC321
LARC330,LARC331
LARC412,LARC331
PLSC253,LARC454
LARC220,LARC454
LARC620,LARC454
LARC430,LARC471
LARC640,LARC641
LBSC602,LBSC706
LBSC602,LBSC707
LBSC671,LBSC707
LBSC631,LBSC707
LBSC602,LBSC734
INST650,LBSC741
LBSC671,LBSC770
INST604,LBSC786
HESI217,LEAD321
LEAD217,LEAD321
HESI315,LEAD321
LEAD315,LEAD321
HESI320,LEAD321
LEAD320,LEAD321
HESI217,LEAD417
LEAD217,LEAD417
HESI315,LEAD417
LEAD315,LEAD417
LING200,LING240
LING240,LING311
LING311,LING312
LING240,LING321
LING321,LING322
LING311,LING410
LING610,LING611
LING660,LING661
LING888,LING896
MATH107,MATH107
MATH003,MATH107
MATH113,MATH113
MATH115,MATH115
MATH003,MATH115
MATH113,MATH120
MATH115,MATH120
MATH120,MATH121
MATH130,MATH121
MATH136,MATH121
MATH140,MATH121
MATH113,MATH135
MATH115,MATH135
MATH120,MATH135
MATH135,MATH136
MATH115,MATH140
MATH140,MATH141
MATH140,MATH141H
MATH136,MATH206
MATH140,MATH206
MATH212,MATH213
MATH212,MATH214
MATH131,MATH240
MATH141,MATH240
MATH141,MATH241
MATH141,MATH241H
MATH141,MATH243
MATH141,MATH246
MATH141,MATH246H
MATH141,MATH310
MATH240,MATH310
MATH341,MATH310
MATH461,MATH310
MATH241,MATH310
MATH340,MATH310
MATH212,MATH312
MATH213,MATH312
MATH214,MATH314
MATH340,MATH341
MATH461,MATH401
MATH240,MATH401
MATH341,MATH401
MATH240,MATH402
MATH341,MATH402
MATH461,MATH402
MATH240,MATH403
MATH461,MATH403
MATH340,MATH403
MATH341,MATH403
MATH241,MATH403
MATH310,MATH403
MATH403,MATH404
MATH240,MATH405
MATH461,MATH405
MATH341,MATH405
MATH310,MATH405
MATH240,MATH406
MATH241,MATH406
MATH246,MATH406
MATH340,MATH406
MATH341,MATH406
MATH461,MATH406
MATH240,MATH410
MATH461,MATH410
MATH341,MATH410
MATH340,MATH410
MATH241,MATH410
MATH310,MATH410
MATH410,MATH411
MATH141,MATH416
MATH240,MATH416
MATH461,MATH416
MATH341,MATH416
MATH240,MATH420
MATH461,MATH420
MATH341,MATH420
MATH241,MATH420
MATH340,MATH420
MATH246,MATH420
MATH341,MATH420
STAT400,MATH420
STAT410,MATH420
CMSC106,MATH420
CMSC131,MATH420
MATH240,MATH423
MATH401,MATH423
MATH461,MATH423
MATH341,MATH423
MATH141,MATH424
STAT400,MATH424
STAT410,MATH424
MATH240,MATH430
MATH341,MATH430
MATH461,MATH430
MATH241,MATH437
MATH340,MATH437
MATH240,MATH437
MATH341,MATH437
MATH461,MATH437
MATH403,MATH446
MATH410,MATH446
MATH341,MATH452
MATH246,MATH452
MATH240,MATH452
MATH461,MATH452
CMSC106,MATH456
CMSC131,MATH456
ENEE150,MATH456
CMSC330,MATH456
CMSC351,MATH456
ENEE324,MATH456
ENEE380,MATH456
MATH141,MATH461
MATH141,MATH461
MATH241,MATH462
MATH340,MATH462
MATH246,MATH462
MATH341,MATH462
MATH241,MATH463
MATH340,MATH463
MATH246,MATH464
MATH341,MATH464
MATH141,MATH470
MATH140,MATH470
MATH461,MATH470
MATH240,MATH475
MATH341,MATH475
MATH461,MATH475
MATH241,MATH475
MATH340,MATH475
MATH600,MATH601
MATH600,MATH603
MATH606,MATH607
MATH600,MATH621
MATH630,MATH631
MATH410,MATH660
MATH463,MATH660
MATH673,MATH674
AMSC673,MATH674
MATH630,MATH675
MATH674,MATH675
MATH712,MATH713
MATH600,MATH734
MATH432,MATH734
MATH730,MATH734
MATH405,MATH740
MATH411,MATH740
MATH730,MATH740
MATH405,MATH744
MATH403,MATH744
MATH411,MATH744
MATH432,MATH744
BSCI361,MEES432
MEES607,MEES712
BIOM601,MEES712
MEES640,MEES753
MEES660,MEES753
CHEM131,MIEH300
CHEM132,MIEH300
SPHL100,MIEH300
PHSC300,MIEH300
SPHL100,MIEH321
MIEH300,MIEH330
MIEH600,MIEH720
MIEH600,MIEH770
MIEH600,MIEH771
MLAW304,MLAW305
MLAW315,MLAW325
GVPT170,MLAW358Y
GVPT331,MLAW358Y
MLAW358,MLAW358Y
BIOI603,MSML640
DATA603,MSML640
MSML603,MSML640
DATA603,MSML641
MSML603,MSML641
MSQC601,MSQC606
MSQC602,MSQC606
MUED186,MUED187
MUED187,MUED311
MUED187,MUED322
MUED186,MUED322
MUED320,MUED411
MUED311,MUED411
MUED422,MUED433
MUED420,MUED474
MUED411,MUED474
MUED472,MUED474
MUED471,MUED474
MUSC102,MUSC103
MUSC150,MUSC151
MUSC202,MUSC203
MUSC250,MUSC251
MUSC260,MUSC360
MUSP315,MUSC400V
MUSC330,MUSC445
MUSC331,MUSC445
MUSP316,MUSC446
MUSC251,MUSC450
MUSC453,MUSC454
MUSC455,MUSC456
MUSC251,MUSC470
MUSC450,MUSC472
MUSC251,MUSC490
MUSC490,MUSC491
MUSC605,MUSC606
MUSC611,MUSC612
MUSC613,MUSC614
MUSC643,MUSC644
MUSC400,MUSC645
MUSC653,MUSC654
MUSC655,MUSC656
MUSC451,MUSC670
MUSC451,MUSC671
MUSC400,MUSC801A
MUSC400,MUSC801S
MUSC400,MUSC801V
MUSC400,MUSC801W
MUSC801,MUSC802A
MUSC811,MUSC812
MUSC813,MUSC814
MUSC830,MUSC831A
MUSC830,MUSC831C
MUSC830,MUSC831P
MUSC830,MUSC831V
MUSC830,MUSC831W
NACS641,NACS643
NACS641,NACS644
BSCI170,NEUR200
BSCI171,NEUR200
MATH120,NEUR305
NEUR200,NEUR305
BSCI353,NEUR305
NEUR200,NEUR306
BSCI330,NEUR306
NEUR200,NEUR398H
NEUR306,NEUR405
BSCI353,NEUR405
PHYS132,NEUR405
NEUR379,NEUR479
NEUR479,NEUR479
NFSC100,NFSC298
NFSC100,NFSC315
CHEM241,NFSC412
CHEM242,NFSC412
NFSC431,NFSC412
NFSC414,NFSC412
NFSC434,NFSC412
BSCI223,NFSC430
NFSC430,NFSC434
NFSC100,NFSC436
BSCI170,NFSC436
BSCI171,NFSC436
BCHM461,NFSC450
NFSC100,NFSC450
NFSC380,NFSC456
NFSC440,NFSC456
NFSC315,NFSC470
NFSC440,NFSC490
NFSC350,NFSC491
NFSC100,NFSC636
BSCI170,NFSC636
BSCI171,NFSC636
PEER312,PEER322
PERS101,PERS102
PERS201,PERS202
PERS301,PERS302
PERS301,PERS312
PHIL170,PHIL362
BSCI202,PHSC415
BSCI202,PHSC430
MIEH300,PHSC430
MIEH300,PHSC450
SPHL100,PHSC450
PHSC300,PHSC450
PHSC450,PHSC497
MATH113,PHYS121
MATH115,PHYS121
PHYS121,PHYS122
CHEM131,PHYS131
MATH136,PHYS131
MATH140,PHYS131
BSCI160,PHYS131
BSCI161,PHYS131
BSCI106,PHYS131
BSCI170,PHYS131
BSCI171,PHYS131
BSCI105,PHYS131
PHYS131,PHYS132
MATH141,PHYS161
MATH140,PHYS171
MATH140,PHYS171H
PHYS161,PHYS260
MATH141,PHYS260
PHYS161,PHYS261
PHYS171,PHYS265
PHYS141,PHYS265
PHYS161,PHYS265
PHYS261,PHYS270
MATH241,PHYS270
PHYS260,PHYS270
PHYS261,PHYS271
PHYS161,PHYS272
PHYS171,PHYS272
MATH141,PHYS272
MATH241,PHYS272
PHYS161,PHYS272H
PHYS171,PHYS272H
MATH141,PHYS272H
MATH241,PHYS272H
MATH241,PHYS273
PHYS272,PHYS273
PHYS274,PHYS273
MATH243,PHYS273
MATH241,PHYS273H
PHYS272,PHYS273H
PHYS274,PHYS273H
MATH243,PHYS273H
PHYS171,PHYS275
PHYS161,PHYS275
PHYS272,PHYS276
PHYS275,PHYS276
MATH241,PHYS313
PHYS273,PHYS313
PHYS274,PHYS313
MATH240,PHYS313
MATH243,PHYS313
MATH246,PHYS313
PHYS331,PHYS332
PHYS131,PHYS332
PHYS273,PHYS371
PHYS274,PHYS371
PHYS276,PHYS375
PHYS273,PHYS375
PHYS272,PHYS400
PHYS273,PHYS400
MATH241,PHYS400
MATH243,PHYS400
MATH246,PHYS400
PHYS371,PHYS401
PHYS313,PHYS401
PHYS373,PHYS401
PHYS401,PHYS402
PHYS371,PHYS404
PHYS420,PHYS404
PHYS375,PHYS405
PHYS375,PHYS406
PHYS499,PHYS407
PHYS375,PHYS407
PHYS373,PHYS410
PHYS313,PHYS413
PHYS412,PHYS413
MATH246,PHYS420
PHYS271,PHYS431
PHYS270,PHYS431
MATH241,PHYS431
PHYS401,PHYS441
PHYS402,PHYS441
PHYS276,PHYS456
MATH240,PHYS457
PHYS274,PHYS457
CMSC351,PHYS457
PHYS373,PHYS457
PHYS373,PHYS474
PHYS165,PHYS474
CMSC106,PHYS474
CMSC131,PHYS474
PHYS276,PHYS487
PHYS610,PHYS611
PHYS612,PHYS613
PHYS612,PHYS625
PHYS613,PHYS625
PHYS603,PHYS703
CHEM687,PHYS703
PHYS623,PHYS721
PHYS751,PHYS752
PHYS624,PHYS752
PHYS624,PHYS851
PLCY100,PLCY300
ECON200,PLCY303
STAT100,PLCY304
PLCY306,PLCY400
PLSC110,PLSC254
PLSC111,PLSC254
PLSC253,PLSC254
PLSC110,PLSC271
PLSC111,PLSC271
BSCI170,PLSC271
BSCI171,PLSC271
BSCI170,PLSC303
BSCI171,PLSC303
BSCI170,PLSC400
BSCI171,PLSC400
PLSC201,PLSC400
CHEM231,PLSC400
CHEM232,PLSC400
CHEM237,PLSC400
PLSC305,PLSC401
BSCI170,PLSC411
BSCI171,PLSC411
PLSC110,PLSC452
PLSC111,PLSC452
PLSC112,PLSC452
PLSC113,PLSC452
PLSC253,PLSC452
PLSC254,PLSC452
PLSC110,PLSC460
PLSC111,PLSC460
PLSC112,PLSC460
PLSC113,PLSC460
PLSC201,PLSC460
PORT103,PORT203
PORT104,PORT203
PORT205,PORT207
PSYC100,PSYC200
STAT100,PSYC200
MATH107,PSYC200
MATH111,PSYC200
MATH120,PSYC200
MATH130,PSYC200
MATH136,PSYC200
MATH140,PSYC200
PSYC100,PSYC221
PSYC200,PSYC300
PSYC100,PSYC302
BSCI170,PSYC302
BSCI171,PSYC302
PSYC123,PSYC303
PSYC100,PSYC304
BSCI170,PSYC304
BSCI171,PSYC304
NEUR200,PSYC307
PSYC304,PSYC307
PSYC221,PSYC307
PSYC100,PSYC330
PSYC100,PSYC334
PSYC100,PSYC336
PSYC200,PSYC341
PSYC300,PSYC341
PSYC100,PSYC344
PSYC100,PSYC353
PSYC100,PSYC354
PSYC100,PSYC355
PSYC100,PSYC361
PSYC381,PSYC391
PSYC318,PSYC391
PSYC202,PSYC404
NEUR200,PSYC404
PSYC301,PSYC406
PSYC202,PSYC406
NEUR200,PSYC406
PSYC300,PSYC407
PSYC202,PSYC407
NEUR200,PSYC407
PSYC301,PSYC414
PSYC202,PSYC414
NEUR200,PSYC414
PSYC200,PSYC417
PSYC300,PSYC417
MATH120,PSYC417
MATH130,PSYC417
MATH140,PSYC417
PSYC300,PSYC420
PSYC221,PSYC420
PSYC100,PSYC425
PSYC200,PSYC425
PSYC300,PSYC425
PSYC355,PSYC426
PSYC300,PSYC431
PSYC200,PSYC432
PSYC300,PSYC433
PSYC300,PSYC436
PSYC100,PSYC437
PSYC300,PSYC450
PSYC355,PSYC489F
PSYC300,PSYC489T
PSYC601,PSYC602
PSYC680,PSYC630
PSYC652,PSYC653
PSYC652,PSYC654
PSYC653,PSYC654
PSYC603,PSYC661
PSYC652,PSYC661
PSYC653,PSYC661
PSYC654,PSYC661
PSYC692,PSYC693
PSYC603,PSYC732
PSYC602,PSYC732
PSYC603,PSYC737
PSYC604,PSYC737
RDEV250,RDEV350
ARCH271,RDEV350
RDEV250,RDEV410
RDEV350,RDEV410
RDEV250,RDEV415
RDEV350,RDEV415
RDEV270,RDEV450
RDEV350,RDEV450
RDEV450,RDEV470
JWST225,RELS427
RELS225,RELS427
HIST219,RELS427
RUSS101,RUSS102
RUSS102,RUSS102
RUSS201,RUSS202
RUSS301,RUSS302
RUSS202,RUSS321
RUSS401,RUSS402
SLAA610,SLAA650
SOCY100,SOCY201
MATH107,SOCY201
MATH111,SOCY201
SOCY100,SOCY202
SOCY100,SOCY203
SOCY380,SOCY381
SOCY381,SOCY383
SOCY201,SOCY411
SOCY410,SOCY411
SOCY201,SOCY450
SOCY202,SOCY450
SOCY601,SOCY602
SPAN103,SPAN203
SPAN203,SPAN204
SPAN204,SPAN207
SPAN207,SPAN301
SPAN301,SPAN303
SPAN206,SPAN306
SPAN301,SPAN311
SPAN303,SPAN311
SPAN301,SPAN316
SPAN303,SPAN316
SPAN303,SPAN332
SPAN311,SPAN332
SPAN316,SPAN332
SPAN303,SPAN333
SPAN311,SPAN333
SPAN316,SPAN333
SPAN303,SPAN362
SPAN311,SPAN362
SPAN316,SPAN362
SPAN303,SPAN363
SPAN311,SPAN363
SPAN316,SPAN363
SPAN303,SPAN370
SPAN311,SPAN370
SPAN316,SPAN370
SPAN303,SPAN371
SPAN311,SPAN371
SPAN316,SPAN371
SPAN303,SPAN373
SPAN311,SPAN373
SPAN316,SPAN373
SPHL601,SPHL611
MATH110,STAT100
MATH112,STAT100
MATH113,STAT100
MATH115,STAT100
STAT100,STAT100
DATA100,STAT110
STAT100,STAT110
MATH135,STAT110
MATH131,STAT400
MATH141,STAT400
STAT400,STAT401
STAT410,STAT401
MATH240,STAT410
MATH461,STAT410
MATH341,STAT410
MATH340,STAT410
MATH241,STAT410
SURV410,STAT420
STAT410,STAT420
MATH241,STAT426
MATH340,STAT426
MATH240,STAT426
MATH461,STAT426
MATH341,STAT426
STAT400,STAT426
STAT410,STAT426
STAT400,STAT426
STAT400,STAT430
STAT410,STAT430
STAT401,STAT430
STAT420,STAT430
STAT401,STAT430
STAT420,STAT430
STAT401,STAT440
STAT420,STAT440
MATH240,STAT470
MATH461,STAT470
MATH341,STAT470
MATH340,STAT470
MATH241,STAT470
STAT600,STAT601
STAT410,STAT650
STAT700,STAT701
STAT740,STAT741
STAT100,SURV400
MATH240,SURV410
MATH461,SURV410
MATH341,SURV410
MATH340,SURV410
MATH241,SURV410
SURV410,SURV420
STAT410,SURV420
STAT401,SURV440
STAT420,SURV440
SURV615,SURV616
SURV626,SURV636
STAT400,SURV662
STAT401,SURV662
SURV665,SURV675
SURV625,SURV701
SURV720,SURV721
SURV440,SURV742
SURV615,SURV745
SURV616,SURV745
SURV625,SURV745
SURV440,SURV750
SURV626,SURV750
TDPS201,TDPS479
THET116,THET310
THET222,THET310
THET223,THET310
TDPS201,THET310
THET310,THET324
THET362,THET324
THET116,THET363
THET222,THET363
THET223,THET363
TDPS201,THET363
THET222,THET377
THET223,THET377
THET116,THET377
TDPS201,THET377
THET116,THET380
TDPS201,THET383
THET114,THET383
THET116,THET383
THET222,THET383
THET223,THET383
THET222,THET385
THET223,THET385
THET116,THET385
TDPS201,THET385
THET324,THET411
THET325,THET411
THET340,THET440
THET371,THET471
THET114,THET474
TDPS201,THET474
THET116,THET474
THET222,THET474
THET223,THET474
THET274,THET474
THET114,THET475
TDPS201,THET475
THET116,THET475
THET222,THET475
THET223,THET475
THET377,THET477
THET380,THET480
THET471,THET491
THET700,THET712
TLPL101,TLPL102
TLPL102,TLPL414
TLPL425,TLPL421
EDCI360,TLPL424
TLPL423,TLPL424
TLPL361,TLPL461
TLPL460,TLPL461
TLPL475,TLPL476
TLPL665,TLPL660
EDMS646,TLPL790
EDCI791,TLPL790
EDHI700,TLPL790
EDCI790,TLPL791
TLPL791,TLPL792
TLTC333,TLTC399
TLTC333,TLTC499A
URSP804,URSP805
URSP810,URSP805
WMST300,WGSS487
WGSS301,WGSS487
WMST400,WGSS487
WGSS302,WGSS487
WMST400,WGSS602
WGSS302,WGSS602
